,precision,recall,f1-score,support
setosa,0.875,1.0,0.9333333333333333,7.0
versicolor,0.0,0.0,0.0,1.0
accuracy,0.875,0.875,0.875,0.875
macro avg,0.4375,0.5,0.4666666666666667,8.0
weighted avg,0.765625,0.875,0.8166666666666667,8.0
