,precision,recall,f1-score,support
setosa,0.75,1.0,0.8571428571428571,6.0
versicolor,0.0,0.0,0.0,2.0
accuracy,0.75,0.75,0.75,0.75
macro avg,0.375,0.5,0.42857142857142855,8.0
weighted avg,0.5625,0.75,0.6428571428571428,8.0
