,precision,recall,f1-score,support
setosa,0.625,1.0,0.7692307692307693,5.0
versicolor,0.0,0.0,0.0,3.0
accuracy,0.625,0.625,0.625,0.625
macro avg,0.3125,0.5,0.38461538461538464,8.0
weighted avg,0.390625,0.625,0.4807692307692308,8.0
